familia,corrida,segundos,C,class_weight,max_iter,solver,penalty,roc_auc,pr_auc,brier,log_loss,accuracy,precision,recall,f1,umbral,tasa_predicha,prob_media,n_estimators,min_samples_leaf,max_features,max_depth,colsample_bytree,learning_rate,min_child_weight,reg_lambda,subsample
logistica,1,47.97529482841492,0.0745934328572655,,200.0,liblinear,l1,0.6895089317153134,0.6800046384137293,0.23003443508506496,0.6534919954230445,0.5630128265585211,0.5263518712836656,0.921315570358035,0.6699552128502614,0.21000000000000002,0.842627086673583,0.38544260177499584,,,,,,,,,
logistica,2,8.018492221832275,7.915074397656217,,200.0,liblinear,l2,0.6902327069373733,0.6796379122793359,0.2300338584217037,0.6538664270169307,0.5727860039611431,0.5332513384459557,0.9025077141597688,0.6703958378811031,0.22000000000000003,0.8147458266528341,0.3855599296113637,,,,,,,,,
logistica,3,2.0986387729644775,0.0060252157362038605,,200.0,lbfgs,l2,0.6891457117731355,0.6807094734232295,0.2299876121304846,0.6531076622271076,0.5717014052626616,0.5325734783614904,0.9016995640887495,0.6696371737746658,0.23,0.8150523436763181,0.385713304623701,,,,,,,,,
logistica,4,8.272331476211548,1.0129197956845732,balanced,200.0,liblinear,l2,0.6903694372648532,0.6794189049514912,0.22144932694772168,0.6328326551792919,0.5731160992172026,0.5334616609256955,0.9026546505363178,0.6706025762317153,0.29000000000000004,0.8145572007922286,0.4630679570704424,,,,,,,,,
logistica,5,1.7101454734802246,0.0019145111285710716,balanced,500.0,liblinear,l2,0.6875637908685517,0.6796570951252712,0.22168192912197104,0.6333451289693001,0.5645572007922286,0.5275554927187898,0.9137973257579468,0.6689254598257502,0.30000000000000004,0.8338441950391399,0.46554949162098147,,,,,,,,,
logistica,6,2.356736660003662,0.011526449540315618,balanced,500.0,lbfgs,l2,0.6899339485525385,0.6805422061092397,0.2212394856703602,0.632290640380881,0.5683768744694898,0.5300900849535322,0.9107361512465103,0.6701324443643571,0.29000000000000004,0.827077242289918,0.4634969703411412,,,,,,,,,
logistica,7,7.819739103317261,1.2229467525390603,balanced,500.0,lbfgs,l2,0.6903747760534077,0.6793865697682434,0.2214400631257399,0.6328113381945563,0.5730335754031878,0.5334037534908622,0.9027526081206837,0.6705838479939605,0.29000000000000004,0.8147340375365463,0.4630234522279408,,,,,,,,,
logistica,8,55.97013711929321,0.14445251022763064,,200.0,liblinear,l1,0.6900735776362233,0.6801453357051024,0.2299429024463009,0.653390955428227,0.5707346977270584,0.5317462596559746,0.906940294852329,0.6704199855177407,0.22000000000000003,0.821064792983118,0.38546979153336597,,,,,,,,,
logistica,9,53.25951147079468,0.09984006580328653,balanced,500.0,liblinear,l1,0.689994070882834,0.6798547895105644,0.22132543928086723,0.632496449048565,0.5708525888899368,0.5317988749856504,0.9075770191507078,0.6706357105372686,0.29000000000000004,0.8215599358672074,0.4632961383880603,,,,,,,,,
logistica,10,77.96251630783081,0.19069966103000435,,500.0,liblinear,l1,0.690200960908455,0.6801451104166015,0.22993240402341714,0.6534097664880244,0.5711944732622842,0.5320663034258687,0.9063525493461331,0.6705135289375233,0.22000000000000003,0.8200391398660757,0.38547382464541147,,,,,,,,,
logistica,11,3.341832160949707,0.08171653749019032,balanced,500.0,lbfgs,l2,0.6903648934491928,0.6801340682583998,0.2213180551493957,0.6325065514124132,0.5720197114024332,0.5326502082522663,0.905103590145467,0.6706344525997768,0.29000000000000004,0.8180114118645666,0.4630341325459188,,,,,,,,,
logistica,12,1.3164989948272705,0.0017070728830306638,,200.0,lbfgs,l2,0.6869835597489993,0.6796204209431613,0.2303779799346311,0.6536245232214569,0.5708643780062247,0.5320743795673251,0.9004506048880835,0.6688982071876223,0.24000000000000002,0.8146868810713949,0.38656443983768013,,,,,,,,,
logistica,13,6.170381546020508,0.17885301261862016,balanced,500.0,lbfgs,l2,0.6906098859466641,0.6800180939630665,0.22130866842595215,0.6325086058633692,0.572562010751674,0.5330407288162511,0.9041485036978988,0.6706813083008619,0.29000000000000004,0.8165495614448741,0.463047871900917,,,,,,,,,
logistica,14,6.273385524749756,67.32248920775338,balanced,500.0,lbfgs,l2,0.690287045116148,0.6792552650726433,0.22150178491126518,0.6329650554410177,0.573092520984627,0.5334762580757308,0.9018954792574815,0.670404485382459,0.29000000000000004,0.813849853814958,0.4630630418049938,,,,,,,,,
logistica,15,3.2036402225494385,0.001201797402730995,balanced,500.0,liblinear,l1,0.6761979946463585,0.670370568914967,0.2240847393915897,0.6385969948868145,0.5652999151183628,0.5284951728702358,0.8995444972326982,0.6658147312324968,0.34,0.8193789493539564,0.4777178612635987,,,,,,,,,
logistica,16,61.555270195007324,2.608060094552367,balanced,200.0,liblinear,l1,0.6903527406072589,0.6793885409876792,0.22145759665973508,0.6328549362265774,0.5731750447986419,0.5335051173294344,0.9025322035558603,0.6706031133714847,0.29000000000000004,0.8143803640479109,0.4630644821271534,,,,,,,,,
logistica,17,2.1614179611206055,0.007359075652019385,,500.0,liblinear,l2,0.6893308864572392,0.6807116376812354,0.2299459079284564,0.6530583774649306,0.5658775818164671,0.528378531393308,0.9142136454915022,0.6696984374719696,0.22000000000000003,0.8329246439686881,0.38574100426276436,,,,,,,,,
logistica,18,9.304056406021118,2.054051942538845,balanced,500.0,liblinear,l2,0.6903438372448654,0.6793648061288491,0.2214667884663623,0.6328763399865758,0.5729156842403094,0.5333507072637508,0.9021403732183965,0.6703729652511761,0.29000000000000004,0.8142624728850325,0.46306147900398226,,,,,,,,,
logistica,19,3.270914077758789,0.010957420145894578,balanced,500.0,lbfgs,l2,0.6898549962760419,0.6805403933288647,0.22125067196853485,0.6323165724447808,0.5733754597755353,0.5337400145243283,0.8999363275701621,0.6700703840122534,0.30000000000000004,0.8116806564179949,0.46351903802589645,,,,,,,,,
logistica,20,9.018452882766724,70.45683638454501,balanced,500.0,liblinear,l2,0.690312966910879,0.6793041069485362,0.2214862459031167,0.6329255130063198,0.5730099971706121,0.5334182971512984,0.9019934368418475,0.6703857739595752,0.29000000000000004,0.8140266905592757,0.46305497935873563,,,,,,,,,
logistica,21,48.54025602340698,0.0945695189734589,balanced,500.0,liblinear,l1,0.6899495092562179,0.6798422143405304,0.22133034993078024,0.6325052871950405,0.5706168065641799,0.5316508364658957,0.9074545721702503,0.6704845655556761,0.29000000000000004,0.8216778270300858,0.463305621236507,,,,,,,,,
logistica,22,61.53622102737427,40.679084943595456,balanced,500.0,liblinear,l1,0.690315141952264,0.6793101848729588,0.2214841708452767,0.6329202024549578,0.5729864189380364,0.533404782249772,0.9019444580496645,0.6703615729743996,0.29000000000000004,0.8140031123267,0.46306000900202243,,,,,,,,,
logistica,23,4.429421663284302,0.4019493217124641,balanced,500.0,lbfgs,l2,0.6902691771539531,0.6793601326732195,0.22146316933665358,0.632875262025091,0.5781146845232481,0.5372227465785748,0.8920997208208845,0.6706062112258611,0.30000000000000004,0.7993963972460625,0.46307151531561463,,,,,,,,,
logistica,24,5.494791507720947,0.08777815504719653,balanced,200.0,lbfgs,l2,0.6904152857120892,0.6799773051769102,0.2213054753378003,0.632478782180939,0.5716424596812223,0.5323869444404452,0.9055688886712053,0.6705533543081484,0.29000000000000004,0.8188366500047156,0.46320049218283754,,,,,,,,,
logistica,25,5.83692741394043,0.8585306974480479,,500.0,lbfgs,l2,0.6903101850624526,0.6798304291454537,0.230001171657608,0.6537874583761792,0.572644534565689,0.5331415020677289,0.9029485232894157,0.6704305767692196,0.22000000000000003,0.8153117042346506,0.38554876117924836,,,,,,,,,
logistica,26,2.209376096725464,0.0050654860639753555,,200.0,lbfgs,l2,0.6889434028623234,0.6806877056016384,0.23003485406544505,0.6531854957724732,0.5710883712156937,0.5321453327171903,0.9024342459714944,0.6695009174978652,0.23,0.8163727247005564,0.38567792700726516,,,,,,,,,
logistica,27,2.3963522911071777,0.0011972422479639326,,500.0,lbfgs,l2,0.6859867856577048,0.6788509037008206,0.2305895942881903,0.6539608693617105,0.5675634254456285,0.5297258607114738,0.9062056129695841,0.668612057205323,0.24000000000000002,0.8235287182872771,0.38702254209482145,,,,,,,,,
logistica,28,12.811258792877197,0.009853225172032555,balanced,200.0,liblinear,l1,0.6872806135070817,0.6787730534445796,0.2217751565676497,0.633571779016552,0.567233330189569,0.5294436751416866,0.908238232845178,0.6689393324495189,0.30000000000000004,0.8258158068471187,0.4653582787807045,,,,,,,,,
logistica,29,12.636306524276733,0.009867611000082873,balanced,200.0,liblinear,l1,0.6872856761705972,0.6787773214677588,0.22177415479811358,0.6335694787471099,0.5672804866547204,0.5294730680828587,0.9082627222412696,0.6689694357013375,0.30000000000000004,0.825792228614543,0.4653528700236893,,,,,,,,,
logistica,30,45.56140208244324,7.183758655813988,,500.0,liblinear,l1,0.6902409366882808,0.6796541231508046,0.23002925158490928,0.6538506664780412,0.5727860039611431,0.5332455658111744,0.9026546505363178,0.6704318090872713,0.22000000000000003,0.8148872960482882,0.38555720255604625,,,,,,,,,
random_forest,1,48.437615633010864,,,,,,0.699581626308116,0.6929707872598135,0.2251303067728441,0.6406398713406307,0.578645194756201,0.5368999145063831,0.9073811039819758,0.6746233328781465,0.27,0.8135787041403376,0.39750080995021425,150.0,20.0,log2,12.0,,,,,
random_forest,2,90.85460495948792,,balanced,,,,0.7053843914955136,0.6972702260972196,0.21649049060581152,0.6214819027400903,0.5979675563519758,0.552346738826164,0.869789880981535,0.6756391721199209,0.35000000000000003,0.7580637555408847,0.4714904859406651,200.0,50.0,log2,20.0,,,,,
random_forest,3,97.03138947486877,,balanced,,,,0.7073346325832912,0.6983596746866824,0.21597559296947727,0.6202283241959018,0.5893025558804112,0.5449503050654354,0.8902385267179311,0.6760584335276778,0.32000000000000006,0.7864165802131472,0.4691203349297214,200.0,20.0,sqrt,20.0,,,,,
random_forest,4,74.35245871543884,,balanced,,,,0.687965281963803,0.6830549458735777,0.2202511590010453,0.6296531016573237,0.5784919362444592,0.5373013775075631,0.8959935347994319,0.6717648354876615,0.36000000000000004,0.8027680845043855,0.4787435894078547,150.0,5.0,0.5,8.0,,,,,
random_forest,5,134.7300262451172,,balanced,,,,0.7052757451999642,0.697033467973854,0.21653809895457476,0.6215933470915112,0.5914717532773743,0.5468349826480974,0.8836753685654112,0.6755974948746033,0.34,0.7779284164859002,0.47132386355235706,300.0,50.0,sqrt,20.0,,,,,
random_forest,6,37.58464574813843,,,,,,0.705795972567111,0.698075263233795,0.2237649071879926,0.6377682811485603,0.5870036782042818,0.54321594565606,0.8930058284762697,0.6755154591430318,0.26,0.7913797981703291,0.3958389244789965,100.0,50.0,log2,20.0,,,,,
random_forest,7,31.321534395217896,,balanced,,,,0.6816241595179694,0.677965200241981,0.2227374788680116,0.635591218807733,0.5586036970668679,0.5235223160434258,0.9246706176225694,0.6685375850987544,0.35000000000000003,0.8502664340281052,0.4819043186455406,100.0,50.0,log2,8.0,,,,,
random_forest,8,233.1425642967224,,balanced,,,,0.7018235893242177,0.6931124164722275,0.21782682859869618,0.6249848987848736,0.5797415825709705,0.5380674144107112,0.8975608561492874,0.6728040385497935,0.30000000000000004,0.8030274450627181,0.467166758078686,300.0,5.0,0.5,16.0,,,,,
random_forest,9,45.75739550590515,,,,,,0.6976842915571774,0.691134611930612,0.2257167060442971,0.6419153944968475,0.5776666981043102,0.536151359464296,0.9098055541950335,0.6746998892178051,0.27,0.8168914458172215,0.39704631394625184,150.0,50.0,log2,12.0,,,,,
random_forest,10,94.5411946773529,,balanced,,,,0.7071476870246941,0.6975763894709144,0.21612654302220288,0.6205756208039817,0.5931811751391116,0.5480845241714807,0.8829161972865749,0.6763276867953552,0.32000000000000006,0.7754880694143167,0.4688133022630338,200.0,20.0,sqrt,24.0,,,,,
random_forest,11,35.5720796585083,,,,,,0.6827535507314012,0.6787256041932908,0.22907004180015805,0.6494216295152225,0.5574129963217958,0.5226953092684002,0.9283685164323848,0.6688249823570924,0.27,0.855017447892106,0.40068685112937086,150.0,20.0,sqrt,8.0,,,,,
random_forest,12,74.97308826446533,,balanced,,,,0.6878800289147452,0.6829945080934424,0.22029827039293054,0.6297480398812738,0.5714420447043289,0.5320554999284794,0.9109075770191507,0.6717474535866503,0.35000000000000003,0.8241771196831086,0.47867899649844553,150.0,20.0,0.5,8.0,,,,,
random_forest,13,93.36340284347534,,balanced,,,,0.6683322948396806,0.6503640611327922,0.24196349557312638,0.7042392613104601,0.5629303027445063,0.5277983143575337,0.8741489934858206,0.6581907360967695,0.2,0.7972979345468264,0.4680527911630311,150.0,1.0,sqrt,24.0,,,,,
random_forest,14,79.01850390434265,,balanced,,,,0.6988262227999719,0.6919407031659183,0.21814454053389098,0.6252576500874745,0.5757332830331039,0.5347224212547649,0.9137973257579468,0.6746582772835756,0.34,0.8226681127982647,0.4755627329050305,200.0,20.0,sqrt,12.0,,,,,
random_forest,15,49.4471755027771,,,,,,0.6824493049181222,0.6792687541968394,0.22924628333325553,0.6497918371503363,0.5569178534377063,0.5223884709707641,0.9285399422050252,0.6686181843831558,0.27,0.8556776384042252,0.40023679479106117,200.0,50.0,log2,8.0,,,,,
random_forest,16,87.87158012390137,,,,,,0.7000579617632067,0.692540693559608,0.2253991519467718,0.6413889314210665,0.5829482222012637,0.5403173383760784,0.895650683254151,0.6740200143749654,0.26,0.7979817032915213,0.39451676313360684,150.0,50.0,0.5,12.0,,,,,
random_forest,17,97.9938862323761,,,,,,0.6996738754526657,0.693247183850966,0.22503539316904986,0.6403990375736403,0.5801070451758936,0.5378235336765026,0.908336190429544,0.6756163535187023,0.27,0.8130364047910968,0.3974862357364369,300.0,5.0,sqrt,12.0,,,,,
random_forest,18,262.81094431877136,,balanced,,,,0.694651335521617,0.6849095585656908,0.2218514555713315,0.6358788653327471,0.5621404319532208,0.5258841835232768,0.9187196943723368,0.6688894634085458,0.24000000000000002,0.8410001886258606,0.4647942644050427,300.0,5.0,0.5,20.0,,,,,
random_forest,19,66.00106573104858,,,,,,0.6891294696641184,0.683352899085115,0.22702545555792877,0.644695293608656,0.5698387248891823,0.5309253408476361,0.9136014105892148,0.6715751575157516,0.27,0.8283740450815806,0.3990641689866142,150.0,1.0,0.5,8.0,,,,,
random_forest,20,127.1683783531189,,,,,,0.7072236971220969,0.6980572026825657,0.2231787396016103,0.6371007700750679,0.5850702631330755,0.5415904396577161,0.8989812411225939,0.6759533761761836,0.24000000000000002,0.7990663019900028,0.3966294927549128,300.0,20.0,sqrt,24.0,,,,,
random_forest,21,79.76178789138794,,,,,,0.6945090556932291,0.6841514925710177,0.22783296172849854,0.6532663954610173,0.5751438272187117,0.5352533004028108,0.8916344222951462,0.6689387815095171,0.21000000000000002,0.8019192681316608,0.3991507138673504,100.0,5.0,0.5,20.0,,,,,
random_forest,22,148.58061170578003,,balanced,,,,0.6632807222535839,0.6439398033251297,0.24704275876720136,0.7281905245339879,0.5642624728850325,0.5293076049943246,0.8564921389038547,0.6542760665612811,0.2,0.7789658587192304,0.46574780020783824,150.0,1.0,0.5,24.0,,,,,
random_forest,23,65.79081916809082,,,,,,0.6997029003138617,0.6932255495097079,0.22507373187369634,0.6404946710278338,0.5795411675940771,0.5374951036573866,0.9073076357937013,0.6750726565418219,0.27,0.8126119966047345,0.39749067504298446,200.0,5.0,log2,12.0,,,,,
random_forest,24,47.78315567970276,,balanced,,,,0.6839698439502724,0.6804786681590378,0.2223669275322867,0.6348082661964317,0.5557035744600585,0.5215716381284017,0.9316990743008278,0.6687643372562118,0.34,0.8599335093841366,0.48259777857718367,150.0,5.0,log2,8.0,,,,,
random_forest,25,39.0070424079895,,,,,,0.7063785897187536,0.6982461256479229,0.22347148134972683,0.6372069964111523,0.580979439781194,0.538365600754115,0.9091198511044718,0.6762608275874632,0.25,0.8129185136282184,0.39613476329547914,100.0,20.0,sqrt,16.0,,,,,
random_forest,26,168.47848463058472,,balanced,,,,0.7036398245924598,0.6936981171648731,0.2176261914246585,0.6242830471463979,0.5875106102046591,0.5439890422505531,0.8850712641426263,0.6738261039796404,0.30000000000000004,0.7832335188154296,0.4658859287081879,200.0,20.0,0.5,24.0,,,,,
random_forest,27,94.08685231208801,,balanced,,,,0.7052209705654828,0.6968545848675801,0.2164363884889952,0.621412951653099,0.5836202018296709,0.5405091742445388,0.9010383503942793,0.6756898214039759,0.32000000000000006,0.8024969348297651,0.4706111901921711,200.0,5.0,log2,16.0,,,,,
random_forest,28,98.17451405525208,,balanced,,,,0.7006599215851652,0.6933244391651249,0.21751564424873515,0.623681091447891,0.5826417051777799,0.5400106066409357,0.8977077925258363,0.6743625593288937,0.33000000000000007,0.8002687918513628,0.4717316591333985,150.0,1.0,0.5,12.0,,,,,
random_forest,29,57.96106767654419,,balanced,,,,0.6970033660978331,0.6910945639502919,0.21854602562673228,0.6261202127644777,0.5800952560596058,0.5380430025964933,0.9032913748346966,0.6743884155483234,0.35000000000000003,0.8081910779967934,0.47591325339072377,150.0,50.0,sqrt,12.0,,,,,
random_forest,30,25.034425973892212,,,,,,0.6836798661746639,0.6805992903631332,0.22907064460819776,0.6494439180874075,0.5587333773460341,0.5235694898354845,0.925895087427144,0.6688958477080127,0.27,0.8513156653777233,0.400454996504062,100.0,1.0,sqrt,8.0,,,,,
xgboost,1,12.544875621795654,,,,,,0.6862043488068053,0.670631699419737,0.23608773946762085,0.6780288815498352,0.5892082429501084,0.5471686225092541,0.8506881520301709,0.6659764760014955,0.2,0.7484320475337168,0.3915073275566101,800.0,,,8.0,1.0,0.1501725572054684,20.0,0.1,0.6
xgboost,2,9.328514575958252,,,,,,0.6995808446961107,0.6876436954463897,0.22815024852752686,0.6518298387527466,0.5919433179288881,0.548014139511909,0.8694225400401626,0.6722781370423322,0.22000000000000003,0.7637343204753372,0.3890995979309082,600.0,,,8.0,1.0,0.045556362000657775,20.0,0.1,1.0
xgboost,3,10.694422721862793,,,,,,0.7035545055740127,0.6927562764019585,0.22581656277179718,0.6432340741157532,0.5843864943883806,0.541188107118604,0.8977567713180193,0.6752938142430829,0.23,0.7985711591059135,0.3880414664745331,400.0,,,10.0,0.8,0.012115092723815248,50.0,1.0,0.8
xgboost,4,2.40777325630188,,,,,,0.700306419462905,0.6883324457225952,0.22711484134197235,0.6473055481910706,0.596152032443648,0.5512528828772674,0.8663123867365431,0.673771022608232,0.24000000000000002,0.7565311704234651,0.38796958327293396,200.0,,,6.0,0.6,0.08167611317882542,5.0,0.1,0.6
xgboost,5,8.1303391456604,,,,,,0.6979577082325443,0.6861926734655199,0.22877082228660583,0.6530794501304626,0.5848698481561823,0.5424015207519274,0.8804427682813342,0.6712659988610584,0.21000000000000002,0.7814179949071017,0.3879461884498596,800.0,,,6.0,1.0,0.08012737503998542,50.0,10.0,0.8
xgboost,6,8.3415687084198,,,,,,0.6927368147705252,0.6802297328932898,0.23193182051181793,0.6640534400939941,0.5874516646232198,0.5448334101028712,0.8690062203066072,0.6697557661092447,0.2,0.7678251438272187,0.39075642824172974,600.0,,,8.0,0.8,0.14447746112718687,50.0,0.1,1.0
xgboost,7,4.563853740692139,,,,,,0.6993358597141396,0.6876489072727029,0.2276454120874405,0.6489437222480774,0.5912123927190418,0.5471138105656105,0.8757652936278592,0.6734841850523084,0.23,0.7705720079222862,0.3872736692428589,600.0,,,4.0,0.6,0.07896186801026692,1.0,1.0,0.6
xgboost,8,1.8097729682922363,,,,,,0.7004397060212505,0.6875290539717661,0.22748205065727234,0.6490119695663452,0.5859898142035272,0.5428293121534542,0.8870793946221286,0.673515302517571,0.22000000000000003,0.7866877298877676,0.38742488622665405,200.0,,,4.0,0.8,0.1563510870813346,5.0,1.0,1.0
xgboost,9,14.2730131149292,,,,,,0.6902546984039293,0.6767228524315037,0.23347288370132446,0.6687516570091248,0.5878171272281429,0.5456042504932499,0.8600675907332125,0.6676615685864472,0.2,0.7588536263321701,0.3913462162017822,600.0,,,10.0,1.0,0.07962309016748462,20.0,1.0,0.6
xgboost,10,4.347222805023193,,,,,,0.6997080367406188,0.6886138306426911,0.2275220900774002,0.649289071559906,0.5921437329057814,0.5481460899632614,0.8696184552088946,0.6724359945462809,0.23,0.7637225313590493,0.38789600133895874,400.0,,,6.0,0.8,0.09519754482692679,5.0,1.0,0.8
xgboost,11,8.363994598388672,,,,,,0.7030911722123616,0.6917878532014647,0.22567319869995117,0.6431465148925781,0.5818400452702065,0.5394052481560929,0.8990791987069598,0.6742763737878342,0.23,0.8023908327831746,0.39000368118286133,800.0,,,6.0,0.8,0.011123809168675955,5.0,1.0,0.8
xgboost,12,8.010309219360352,,,,,,0.6867839878719648,0.6735793469909388,0.23571965098381042,0.6772514581680298,0.589396868810714,0.547489126136813,0.8477004457070089,0.6652956495834094,0.2,0.7453668772988776,0.3926812708377838,600.0,,,8.0,0.8,0.2337693162284195,50.0,1.0,1.0
xgboost,13,1.7484066486358643,,,,,,0.6981499486001033,0.6865898225567116,0.22789785265922546,0.6490461826324463,0.5818636235027822,0.5396494650351717,0.8942792770730273,0.6731120163683618,0.22000000000000003,0.7977459209657644,0.3868143558502197,200.0,,,4.0,0.6,0.26288610184395456,50.0,1.0,1.0
xgboost,14,5.476595163345337,,,,,,0.6988246398129796,0.6866319586332359,0.22770482301712036,0.6481574773788452,0.5875223993209469,0.5441580807928211,0.8821080472155557,0.673094891056546,0.23,0.7803687635574837,0.38643941283226013,800.0,,,4.0,0.6,0.07357031542417702,50.0,0.1,0.6
xgboost,15,4.237392902374268,,,,,,0.698256891103956,0.6850901675522473,0.22822333872318268,0.6507775187492371,0.592473828161841,0.5482727804998305,0.8714306705196649,0.6730725580691533,0.23,0.7651372253135905,0.38751500844955444,600.0,,,4.0,0.6,0.1530883741573138,1.0,0.1,0.6
xgboost,16,4.09649395942688,,,,,,0.69711086781056,0.6854213867798794,0.2286488562822342,0.6515269875526428,0.5854357257379986,0.5427868431778042,0.8805897046578831,0.6716037392254461,0.22000000000000003,0.7809935867207394,0.3863956928253174,600.0,,,4.0,1.0,0.1601531217136121,50.0,10.0,0.6
xgboost,17,4.260706901550293,,,,,,0.7075085721515226,0.6948534878337285,0.22413843870162964,0.6386416554450989,0.5925563519758559,0.5476447266485395,0.8828917078904834,0.6759855622744105,0.27,0.7760893143449967,0.39532163739204407,200.0,,,8.0,1.0,0.012863908101989912,5.0,10.0,0.6
xgboost,18,7.798324346542358,,,,,,0.7030560987653837,0.6922729777023622,0.22586187720298767,0.6434067487716675,0.5909294539281336,0.5465682925718449,0.8816917274820003,0.6748137388126142,0.24000000000000002,0.7765608789965104,0.3887600302696228,400.0,,,8.0,0.8,0.013833507535062186,20.0,0.1,1.0
xgboost,19,2.265626907348633,,,,,,0.6999888631423321,0.6879667907913007,0.22723791003227234,0.6471700668334961,0.5930043383947939,0.5486892252619235,0.8708429250134692,0.6732107191200553,0.24000000000000002,0.7640408374988211,0.38690584897994995,200.0,,,4.0,0.8,0.20441878352493792,20.0,10.0,0.8
xgboost,20,5.843005180358887,,,,,,0.6952415806274591,0.6821035132071678,0.23008118569850922,0.6577289700508118,0.5801659907573329,0.5389294766661696,0.8851937111230838,0.6699658956109134,0.2,0.7906960294256342,0.38977453112602234,600.0,,,6.0,1.0,0.13297554090738672,20.0,1.0,1.0
xgboost,21,7.399436712265015,,,,,,0.6958154519638575,0.6837045713858434,0.22984443604946136,0.6578905582427979,0.580224936338772,0.5389998955426559,0.8845569868247048,0.6698378258087847,0.2,0.7900240497972272,0.38961929082870483,400.0,,,8.0,1.0,0.05917520523090666,5.0,0.1,1.0
xgboost,22,1.7851557731628418,,,,,,0.696996618013843,0.6861785001171445,0.228188619017601,0.6497041583061218,0.5792346505705932,0.5380180073626163,0.8911936131654994,0.6709688125155568,0.22000000000000003,0.797404036593417,0.38661855459213257,200.0,,,4.0,1.0,0.2104512193446279,50.0,1.0,0.6
xgboost,23,3.630465507507324,,,,,,0.7012572660550371,0.6893122190805603,0.22722826898097992,0.6484507322311401,0.5807318683391492,0.5387431629712404,0.8973159621883724,0.6732631424214027,0.21000000000000002,0.8018013769687824,0.3880072236061096,200.0,,,8.0,1.0,0.07812639007238957,20.0,0.1,1.0
xgboost,24,9.247979879379272,,,,,,0.6909168490307394,0.6789263600819877,0.23144839704036713,0.6628052592277527,0.5819107799679336,0.5409798534798534,0.8680266444629475,0.6665475675574026,0.21000000000000002,0.7724228991794775,0.39092525839805603,400.0,,,10.0,1.0,0.10623841728427216,5.0,0.1,0.8
xgboost,25,18.63952898979187,,,,,,0.7031453289057277,0.6914588640565039,0.22632232308387756,0.6453179717063904,0.5850702631330755,0.5418323737163887,0.8941813194886614,0.6747796196706769,0.22000000000000003,0.7944449684051683,0.38776734471321106,800.0,,,10.0,0.6,0.014316201862826452,50.0,1.0,0.8
xgboost,26,3.4588139057159424,,,,,,0.7028853229443217,0.6917647564603839,0.22615420818328857,0.6440141201019287,0.5912831274167688,0.546949965729952,0.8794142136454915,0.6744358572246899,0.24000000000000002,0.7740144298783364,0.38744980096817017,200.0,,,8.0,1.0,0.030136785318307355,50.0,10.0,0.8
xgboost,27,3.8893020153045654,,,,,,0.7047626338979582,0.6934554255805258,0.22500213980674744,0.6411569714546204,0.594277562953881,0.5491192360080195,0.8786795317627467,0.6758653166941371,0.25,0.7703126473639536,0.3908860981464386,200.0,,,8.0,0.6,0.025233199982877236,5.0,0.1,0.6
xgboost,28,6.81488037109375,,,,,,0.7040908548021757,0.6934575958507854,0.22557483613491058,0.641717255115509,0.59329906630199,0.5483427943600073,0.8800019591516873,0.6756670364590188,0.27,0.7725643685749316,0.3921200931072235,200.0,,,10.0,1.0,0.010239273411172712,20.0,1.0,0.6
xgboost,29,14.16663908958435,,,,,,0.703833001057303,0.6924935210085973,0.22595596313476562,0.6439842581748962,0.5960577195133453,0.5507884972170687,0.8724347357594162,0.6752658414997063,0.24000000000000002,0.7625200414976894,0.3876757323741913,600.0,,,10.0,0.6,0.015033346993841165,50.0,10.0,0.8
xgboost,30,4.448108911514282,,,,,,0.7010619941574392,0.6896859685310059,0.22697456181049347,0.647767186164856,0.5868504196925398,0.5434420447552868,0.8867365430768477,0.6738877567162651,0.22000000000000003,0.7854970291426955,0.3886638283729553,400.0,,,6.0,0.6,0.039492533179875146,1.0,1.0,1.0
